Position in x [m],Voltage [V]
-0.0696577,0.247812
-0.0696577,0.252999
-0.069657,0.252568
-0.069657,0.253359
-0.0696565,0.250266
-0.069656,0.247659
-0.0696556,0.248963
-0.0696546,0.2553
-0.0696541,0.248963
-0.0696536,0.246508
-0.0696526,0.248963
-0.0696519,0.256091
-0.0696511,0.25494
-0.0696499,0.259336
-0.069649,0.251848
-0.0696479,0.253359
-0.0696465,0.248809
-0.0696458,0.248963
-0.0696446,0.248963
-0.0696432,0.254149
-0.0696425,0.247381
-0.0696411,0.248963
-0.0696401,0.251848
-0.0696387,0.248963
-0.0696373,0.251417
-0.069636,0.250113
-0.0696348,0.252846
-0.0696334,0.249753
-0.0696322,0.248963
-0.069631,0.25494
-0.0696296,0.254149
-0.0696284,0.25494
-0.069627,0.252999
-0.069626,0.248963
-0.0696249,0.248963
-0.0696235,0.249753
-0.0696222,0.256604
-0.0696212,0.254149
-0.0696198,0.254149
-0.0696186,0.245717
-0.0696172,0.248172
-0.0696162,0.2553
-0.0696148,0.252208
-0.0696134,0.254149
-0.0696121,0.256604
-0.0696107,0.259336
-0.0696095,0.256882
-0.0696083,0.256244
-0.0696069,0.2553
-0.0696055,0.254149
-0.0696043,0.251695
-0.0696031,0.252846
-0.0696018,0.254149
-0.0696004,0.254149
-0.0695992,0.256604
-0.069598,0.256604
-0.0695966,0.256882
-0.0695949,0.25494
-0.0695936,0.248963
-0.0695922,0.250113
-0.069591,0.248963
-0.0695898,0.254149
-0.0695884,0.250266
-0.0695865,0.253359
-0.0695851,0.256604
-0.0695834,0.252208
-0.0695811,0.259336
-0.0695792,0.257754
-0.0695775,0.251695
-0.0695757,0.254149
-0.0695738,0.254149
-0.0695716,0.253359
-0.0695698,0.251695
-0.0695678,0.248963
-0.0695661,0.252846
-0.0695641,0.258545
-0.0695622,0.253636
-0.0695602,0.248963
-0.0695584,0.256882
-0.069557,0.256604
-0.069555,0.259336
-0.0695526,0.256604
-0.0695503,0.259336
-0.0695482,0.259336
-0.0695457,0.256604
-0.069543,0.2553
-0.0695406,0.250904
-0.0695381,0.254149
-0.0695357,0.256882
-0.0695329,0.258185
-0.0695298,0.263732
-0.0695266,0.265314
-0.0695235,0.259336
-0.0695203,0.264523
-0.069517,0.259336
-0.0695133,0.258545
-0.0695102,0.254149
-0.0695067,0.254149
-0.0695031,0.258185
-0.0694996,0.257754
-0.0694961,0.254149
-0.0694903,0.258545
-0.069483,0.254149
-0.0694779,0.254149
-0.0694731,0.251695
-0.0694684,0.254149
-0.0694638,0.2553
-0.0694591,0.250113
-0.0694541,0.25494
-0.0694483,0.252208
-0.0694433,0.254149
-0.0694384,0.248963
-0.0694336,0.254149
-0.0694288,0.250113
-0.0694241,0.252999
-0.0694191,0.255453
-0.0694143,0.259336
-0.0694085,0.259336
-0.0694025,0.256882
-0.0693966,0.257395
-0.0693907,0.254149
-0.0693845,0.252999
-0.0693784,0.259336
-0.0693714,0.259336
-0.0693654,0.251848
-0.0693591,0.254149
-0.0693525,0.258032
-0.069346,0.260487
-0.0693392,0.260487
-0.0693318,0.277504
-0.0693246,0.292038
-0.0693176,0.36228
-0.0693098,0.446058
-0.0693018,0.549793
-0.0692944,0.683066
-0.0692874,0.793568
-0.0692811,0.901339
-0.0692757,0.990664
-0.0692693,1.09959
-0.069263,1.21809
-0.069257,1.34494
-0.0692502,1.48859
-0.0692441,1.68338
-0.0692374,1.8557
-0.0692303,1.99689
-0.0692226,2.16935
-0.0692155,2.33842
-0.0692088,2.50634
-0.0692023,2.65121
-0.0691957,2.7705
-0.0691894,2.90254
-0.0691829,3.01349
-0.0691765,3.108
-0.0691699,3.20021
-0.0691628,3.32988
-0.0691562,3.47301
-0.069149,3.5944
-0.0691418,3.6722
-0.0691338,3.70736
-0.0691268,3.75325
-0.0691201,3.77154
-0.0691132,3.73004
-0.069107,3.71773
-0.0691008,3.76556
-0.0690937,3.77672
-0.0690867,3.80979
-0.0690794,3.87694
-0.0690724,3.93038
-0.0690658,3.95668
-0.0690592,3.91598
-0.0690522,3.97303
-0.0690455,3.99132
-0.0690386,3.91986
-0.0690322,3.90754
-0.0690255,3.93233
-0.0690191,3.90691
-0.0690124,3.93672
-0.0690062,4.00934
-0.0689997,4.0612
-0.0689928,4.08116
-0.0689841,4.19087
-0.0689728,4.64406
-0.0689631,4.63095
-0.0689557,4.50402
-0.068949,4.49819
-0.068943,4.38278
-0.0689366,4.26349
-0.0689304,4.21969
-0.0689242,4.18374
-0.068918,4.10385
-0.0689114,4.03202
-0.0689055,4.00415
-0.0688988,3.99378
-0.0688921,3.93672
-0.0688853,3.98859
-0.0688778,4.0808
-0.0688697,4.16818
-0.068862,4.26982
-0.0688544,4.32976
-0.0688466,4.35685
-0.0688389,4.30498
-0.0688315,4.23834
-0.068824,4.22718
-0.0688163,4.19994
-0.0688094,4.16573
-0.0688026,4.19606
-0.068795,4.16221
-0.0687884,4.15781
-0.0687815,4.11307
-0.0687746,4.05602
-0.068768,4.04564
-0.0687614,4.03008
-0.0687546,4.04564
-0.0687482,4.03008
-0.068742,4.00415
-0.0687356,3.94955
-0.0687292,3.92556
-0.068723,3.88327
-0.068716,3.8881
-0.0687094,3.85762
-0.0687023,3.89083
-0.0686954,3.93074
-0.068688,3.90121
-0.0686802,3.91677
-0.068673,3.91324
-0.068665,3.96511
-0.0686575,4.00934
-0.0686495,4.04406
-0.0686422,4.10788
-0.0686346,4.11905
-0.0686273,4.139
-0.0686203,4.11941
-0.0686126,4.07237
-0.0686061,4.0599
-0.0685996,4.06639
-0.0685936,4.04838
-0.0685876,4.03967
-0.0685812,4.02086
-0.0685753,4.0612
-0.0685685,4.07755
-0.0685621,4.08793
-0.068555,4.07676
-0.0685478,4.13188
-0.0685401,4.16494
-0.0685332,4.16494
-0.068526,4.14938
-0.0685189,4.19994
-0.0685124,4.27113
-0.0685055,4.26428
-0.0684983,4.22718
-0.0684912,4.1993
-0.068484,4.18165
-0.0684769,4.17646
-0.0684698,4.15975
-0.0684623,4.16854
-0.0684541,4.17856
-0.0684464,4.18648
-0.0684392,4.15456
-0.0684323,4.1027
-0.0684257,4.12344
-0.0684185,4.17452
-0.0684105,4.17416
-0.0684015,4.19606
-0.0683928,4.23316
-0.0683847,4.26622
-0.0683765,4.2779
-0.0683681,4.35166
-0.0683593,4.37241
-0.06835,4.36334
-0.0683412,4.40871
-0.0683332,4.50207
-0.0683242,4.50323
-0.0683155,4.48133
-0.0683065,4.50777
-0.0682973,4.58506
-0.0682882,4.62656
-0.0682789,4.58182
-0.0682689,4.61776
-0.0682592,4.6285
-0.0682502,4.60193
-0.0682414,4.59932
-0.0682335,4.5345
-0.0682254,4.5113
-0.0682172,4.50243
-0.0682093,4.48212
-0.068201,4.51245
-0.0681924,4.49558
-0.068184,4.47824
-0.068175,4.46965
-0.0681661,4.42154
-0.0681571,4.39315
-0.0681485,4.37759
-0.0681405,4.31017
-0.0681343,4.27307
-0.0681275,4.23352
-0.0681219,4.12344
-0.0681163,4.20916
-0.0681113,4.30692
-0.0681062,4.45797
-0.0680995,4.2954
-0.0680923,4.19281
-0.0680847,4.17531
-0.068077,4.17531
-0.0680691,4.27386
-0.068061,4.28502
-0.0680529,4.25311
-0.0680444,4.26867
-0.0680356,4.28344
-0.0680262,4.26349
-0.0680169,4.27386
-0.0680074,4.27905
-0.0679975,4.29136
-0.0679877,4.28942
-0.0679777,4.29979
-0.0679678,4.35606
-0.0679584,4.37759
-0.0679496,4.38797
-0.0679407,4.37241
-0.067931,4.39704
-0.0679213,4.50207
-0.0679117,4.56547
-0.0679005,4.66286
-0.0678889,4.67858
-0.0678771,4.71394
-0.0678668,4.72914
-0.0678571,4.65768
-0.0678488,4.55949
-0.0678405,4.4698
-0.0678327,4.38991
-0.067824,4.33119
-0.0678155,4.30252
-0.0678073,4.26103
-0.0677995,4.1993
-0.067791,4.18568
-0.0677829,4.20334
-0.0677737,4.27192
-0.0677638,4.38797
-0.067754,4.4095
-0.0677441,4.43983
-0.0677336,4.43386
-0.0677237,4.43932
-0.0677136,4.44229
-0.0677038,4.42946
-0.0676944,4.41117
-0.0676843,4.42946
-0.067674,4.54357
-0.0676631,4.53969
-0.0676528,4.55913
-0.0676416,4.66286
-0.0676295,4.75068
-0.067618,4.70162
-0.0676069,4.65249
-0.0675968,4.61503
-0.0675864,4.5695
-0.0675765,4.57369
-0.0675661,4.55509
-0.0675567,4.50128
-0.067547,4.46901
-0.0675369,4.45282
-0.0675275,4.45251
-0.0675183,4.50207
-0.0675085,4.51633
-0.0674983,4.50287
-0.0674885,4.46577
-0.0674785,4.42831
-0.0674685,4.39121
-0.0674589,4.30498
-0.0674487,4.18684
-0.0674388,4.07237
-0.0674299,3.93269
-0.0674206,3.84206
-0.0674113,3.76037
-0.0674017,3.70332
-0.0673923,3.6722
-0.0673843,3.62236
-0.067375,3.52293
-0.0673657,3.45436
-0.067359,3.38274
-0.0673512,3.29876
-0.0673417,3.29876
-0.0673319,3.23248
-0.0673215,3.18334
-0.0673101,3.13393
-0.0672987,3.10526
-0.0672876,2.99547
-0.0672767,2.93648
-0.0672655,2.89613
-0.0672507,2.889
-0.0672356,2.97199
-0.0672221,3.01543
-0.0672077,3.01737
-0.0671938,3.02674
-0.0671811,3.0302
-0.0671687,2.9655
-0.0671585,2.86941
-0.0671481,2.83599
-0.0671388,2.753
-0.06713,2.64523
-0.0671207,2.61022
-0.0671115,2.63565
-0.0671029,2.63874
-0.0670951,2.64523
-0.0670878,2.65287
-0.0670797,2.68348
-0.0670715,2.72742
-0.0670635,2.78887
-0.0670549,2.82728
-0.0670455,2.80487
-0.0670356,2.76971
-0.0670254,2.7924
-0.067014,2.77929
-0.0670029,2.69551
-0.0669917,2.67389
-0.0669806,2.66958
-0.0669698,2.71784
-0.0669595,2.80083
-0.0669496,2.85903
-0.0669389,2.90326
-0.0669284,2.889
-0.0669185,2.88136
-0.0669097,2.89419
-0.0669009,2.87863
-0.0668919,2.87942
-0.0668832,2.89304
-0.0668738,2.92143
-0.0668643,2.84751
-0.0668538,2.83959
-0.0668438,2.84917
-0.0668337,2.83714
-0.0668231,2.81251
-0.0668121,2.78166
-0.0668021,2.80198
-0.0667908,3.0083
-0.066779,3.24364
-0.066768,3.23363
-0.0667581,3.24443
-0.0667487,3.23378
-0.0667387,3.1835
-0.0667283,3.13278
-0.0667191,3.05209
-0.0667106,2.93778
-0.0667022,2.84232
-0.0666938,2.80602
-0.0666855,2.74493
-0.0666774,2.74896
-0.066669,2.80198
-0.0666599,2.8308
-0.0666509,2.88612
-0.0666418,2.94281
-0.0666335,2.94994
-0.0666247,3.00232
-0.0666147,3.06535
-0.0666046,3.12371
-0.0665943,3.18465
-0.0665842,3.2788
-0.0665744,3.26843
-0.0665655,3.18983
-0.0665573,3.10554
-0.0665492,3.0302
-0.0665422,2.9305
-0.0665354,2.83195
-0.0665287,2.77763
-0.0665214,2.72742
-0.0665133,2.72901
-0.0665042,2.79046
-0.0664946,2.88821
-0.0664831,3.07169
-0.0664706,3.27282
-0.066459,3.32065
-0.0664479,3.33637
-0.066437,3.302
-0.0664279,3.27282
-0.0664191,3.24804
-0.0664091,3.18061
-0.0663995,3.12759
-0.0663883,3.07782
-0.0663774,3.08285
-0.0663669,3.12241
-0.0663575,3.18983
-0.0663484,3.28074
-0.0663394,3.37577
-0.0663309,3.37656
-0.0663218,3.34544
-0.0663137,3.33815
-0.0663061,3.35581
-0.0662976,3.34349
-0.0662895,3.3973
-0.0662804,3.35062
-0.0662711,3.35466
-0.0662619,3.35985
-0.0662524,3.31756
-0.0662434,3.27282
-0.0662344,3.22095
-0.0662254,3.17831
-0.0662165,3.20136
-0.0662065,3.22016
-0.0661943,3.30473
-0.0661827,3.41286
-0.0661703,3.52503
-0.0661588,3.56926
-0.0661479,3.56213
-0.0661375,3.54851
-0.0661262,3.57365
-0.0661147,3.53137
-0.0661026,3.46473
-0.0660909,3.42842
-0.066079,3.43088
-0.0660679,3.44513
-0.0660577,3.46746
-0.0660475,3.48029
-0.0660374,3.49066
-0.0660274,3.49585
-0.0660175,3.46992
-0.0660083,3.49066
-0.0659978,3.50132
-0.0659878,3.51141
-0.0659781,3.49506
-0.0659685,3.49181
-0.0659575,3.4795
-0.0659474,3.46473
-0.0659372,3.42482
-0.065925,3.41286
-0.0659116,3.46913
-0.0658965,3.63071
-0.0658843,3.76996
-0.0658755,3.8716
-0.0658674,3.92635
-0.0658604,4.01452
-0.0658513,3.91598
-0.0658421,3.82665
-0.0658317,3.76362
-0.0658214,3.67739
-0.0658115,3.64547
-0.0658015,3.58402
-0.065792,3.51739
-0.0657825,3.4388
-0.0657726,3.42763
-0.0657629,3.43555
-0.0657534,3.46473
-0.0657432,3.49066
-0.065733,3.49391
-0.0657233,3.51026
-0.0657141,3.48872
-0.065704,3.49145
-0.0656936,3.55809
-0.0656826,3.60362
-0.0656719,3.67062
-0.0656622,3.66377
-0.0656521,3.65145
-0.0656422,3.61673
-0.0656325,3.54772
-0.0656229,3.48821
-0.0656131,3.43995
-0.0656034,3.44513
-0.0655942,3.42633
-0.0655854,3.43916
-0.0655765,3.54499
-0.0655679,3.65418
-0.0655591,3.69619
-0.0655509,3.69295
-0.0655424,3.64987
-0.0655333,3.65303
-0.0655235,3.65276
-0.0655131,3.62955
-0.0655026,3.58791
-0.0654921,3.5573
-0.0654814,3.51775
-0.0654706,3.49181
-0.0654599,3.51141
-0.06545,3.5944
-0.0654388,3.64951
-0.0654268,3.69619
-0.0654154,3.71254
-0.0654036,3.7281
-0.065394,3.68503
-0.065385,3.66131
-0.0653759,3.67739
-0.065366,3.66183
-0.0653559,3.66183
-0.0653463,3.69813
-0.0653356,3.715
-0.0653255,3.73444
-0.0653148,3.71809
-0.0653035,3.74093
-0.0652924,3.76671
-0.0652811,3.78242
-0.0652711,3.8082
-0.0652623,3.88097
-0.065255,3.87579
-0.0652472,3.82261
-0.0652395,3.82261
-0.0652319,3.75958
-0.0652243,3.63589
-0.0652162,3.56019
-0.0652077,3.48029
-0.0651997,3.41726
-0.0651904,3.38463
-0.0651804,3.36812
-0.0651712,3.39406
-0.065162,3.42763
-0.065153,3.41963
-0.0651442,3.43491
-0.0651363,3.41207
-0.0651282,3.5202
-0.0651196,3.63344
-0.0651118,3.59959
-0.0651041,3.51141
-0.0650947,3.5725
-0.0650858,3.67335
-0.0650761,3.69295
-0.0650662,3.66832
-0.0650562,3.64302
-0.0650455,3.66507
-0.0650351,3.67869
-0.0650252,3.62876
-0.0650154,3.56688
-0.0650058,3.53525
-0.0649955,3.53734
-0.0649838,3.5944
-0.0649701,3.77348
-0.0649582,3.95228
-0.0649472,3.97224
-0.0649373,3.97173
-0.0649287,3.96381
-0.0649202,3.85164
-0.0649111,3.72846
-0.0649018,3.65145
-0.0648918,3.60117
-0.0648822,3.57999
-0.064872,3.58533
-0.064862,3.56134
-0.0648524,3.57092
-0.0648427,3.59167
-0.0648326,3.59959
-0.0648214,3.60996
-0.0648105,3.70851
-0.0647993,3.76037
-0.064788,3.79395
-0.0647771,3.89523
-0.0647659,3.90041
-0.0647541,3.83299
-0.0647435,3.79228
-0.0647338,3.75
-0.0647242,3.66183
-0.0647147,3.60917
-0.0647049,3.58402
-0.0646949,3.56688
-0.0646843,3.55809
-0.0646723,3.63071
-0.0646602,3.73365
-0.064649,3.80187
-0.0646388,3.81612
-0.0646291,3.75
-0.0646198,3.73935
-0.0646105,3.68891
-0.0646009,3.64951
-0.0645909,3.60268
-0.0645814,3.53734
-0.064571,3.48029
-0.0645612,3.42518
-0.0645513,3.39861
-0.0645414,3.39291
-0.064532,3.40134
-0.0645211,3.47186
-0.0645082,3.70332
-0.0644961,3.63459
-0.064486,3.58806
-0.0644766,3.60074
-0.0644675,3.51905
-0.0644576,3.46228
-0.0644477,3.46149
-0.0644377,3.42324
-0.0644283,3.39327
-0.0644186,3.33182
-0.0644081,3.28284
-0.0643982,3.24091
-0.0643882,3.21577
-0.0643791,3.19423
-0.06437,3.19827
-0.0643613,3.23767
-0.0643527,3.33621
-0.0643444,3.3646
-0.0643358,3.4017
-0.0643266,3.46069
-0.0643173,3.51335
-0.064308,3.52539
-0.0642993,3.54138
-0.0642903,3.44268
-0.0642804,3.37656
-0.0642707,3.30473
-0.064261,3.24055
-0.0642519,3.25726
-0.0642424,3.29876
-0.0642338,3.28838
-0.0642247,3.29876
-0.0642145,3.3195
-0.0642039,3.4213
-0.064193,3.47107
-0.0641825,3.46279
-0.0641718,3.48029
-0.0641619,3.48951
-0.0641523,3.48678
-0.064143,3.49743
-0.0641334,3.48663
-0.0641243,3.46992
-0.0641151,3.43361
-0.0641059,3.40768
-0.0640969,3.40558
-0.0640874,3.40249
-0.064078,3.42612
-0.0640678,3.44917
-0.0640579,3.52697
-0.064048,3.58597
-0.0640382,3.69295
-0.0640277,3.75404
-0.0640173,3.78955
-0.064007,3.81664
-0.0639964,3.80187
-0.0639859,3.76671
-0.0639753,3.72925
-0.063964,3.66895
-0.0639527,3.65664
-0.063942,3.65664
-0.0639324,3.71888
-0.0639215,3.72795
-0.0639107,3.75519
-0.0638982,3.79668
-0.0638854,3.88176
-0.063873,3.88485
-0.0638597,3.88716
-0.0638439,3.94076
-0.0638292,3.96784
-0.0638162,3.95113
-0.0638043,3.93997
-0.0637922,3.88212
-0.06378,3.83687
-0.0637666,3.88355
-0.0637545,3.91367
-0.063743,3.93233
-0.0637319,3.9834
-0.0637214,3.99975
-0.0637103,4.01064
-0.0636987,4.05083
-0.063688,4.08844
-0.0636769,4.04874
-0.0636655,3.98419
-0.063654,3.93154
-0.0636433,3.89004
-0.0636333,3.87527
-0.0636234,3.86684
-0.0636137,3.79538
-0.0636039,3.75519
-0.0635939,3.73004
-0.0635832,3.72522
-0.0635727,3.75194
-0.0635635,3.82665
-0.0635545,3.80187
-0.0635465,3.81224
-0.063539,3.87967
-0.0635318,3.87967
-0.0635245,4.00985
-0.0635161,3.92556
-0.0635065,3.8662
-0.0634966,3.80951
-0.0634863,3.78112
-0.0634762,3.71773
-0.0634658,3.68221
-0.0634548,3.69892
-0.0634433,3.76556
-0.0634317,3.90639
-0.0634196,3.98974
-0.0634082,3.96863
-0.0633971,3.93787
-0.0633871,3.90041
-0.0633776,3.80187
-0.0633678,3.7173
-0.0633581,3.72212
-0.0633484,3.71369
-0.0633382,3.68697
-0.0633272,3.71124
-0.0633154,3.71888
-0.0633046,3.715
-0.0632956,3.6722
-0.0632869,3.6315
-0.0632781,3.56846
-0.0632687,3.53216
-0.0632584,3.51905
-0.0632478,3.55888
-0.0632365,3.53734
-0.063226,3.55536
-0.0632148,3.54526
-0.0632039,3.49506
-0.0631931,3.47459
-0.0631823,3.45954
-0.0631727,3.45709
-0.0631632,3.44917
-0.0631531,3.47107
-0.0631427,3.53655
-0.0631316,3.63071
-0.0631208,3.68336
-0.0631102,3.66428
-0.0630988,3.65418
-0.0630871,3.63783
-0.0630769,3.64187
-0.0630653,3.65145
-0.0630533,3.64627
-0.0630404,3.72328
-0.0630282,3.78306
-0.0630168,3.73329
-0.0630071,3.70087
-0.0629969,3.6119
-0.0629868,3.55564
-0.0629767,3.54253
-0.0629668,3.53331
-0.0629557,3.53446
-0.0629443,3.52539
-0.0629343,3.53216
-0.0629242,3.48548
-0.0629145,3.4388
-0.0629063,3.3916
-0.0628983,3.31835
-0.0628893,3.25908
-0.0628807,3.1989
-0.0628724,3.17067
-0.0628637,3.14719
-0.0628541,3.14949
-0.0628454,3.1639
-0.0628358,3.23457
-0.0628258,3.29357
-0.0628161,3.361
-0.0628063,3.45954
-0.0627964,3.52943
-0.0627871,3.51141
-0.0627793,3.49585
-0.0627732,3.45226
-0.062767,3.51011
-0.06276,3.46992
-0.0627524,3.44319
-0.0627435,3.47186
-0.0627331,3.55809
-0.0627225,3.61269
-0.062712,3.70577
-0.0627005,3.77463
-0.0626899,3.80979
-0.062679,3.84336
-0.0626684,3.86929
-0.062658,3.87852
-0.0626466,3.85049
-0.0626328,3.85373
-0.0626202,3.96669
-0.0626101,4.00855
-0.0626005,3.93074
-0.0625907,3.9275
-0.0625816,3.88565
-0.0625726,3.8059
-0.0625637,3.75843
-0.0625551,3.67854
-0.0625462,3.67335
-0.0625373,3.67544
-0.0625288,3.66895
-0.0625203,3.69136
-0.0625121,3.7129
-0.0625031,3.70851
-0.0624934,3.77348
-0.0624843,3.84257
-0.0624749,3.89768
-0.0624656,3.98586
-0.0624555,4.11019
-0.0624457,4.17012
-0.0624352,4.24598
-0.062425,4.26982
-0.0624147,4.22912
-0.0624043,4.23755
-0.0623942,4.17416
-0.0623846,4.10673
-0.0623756,4.0656
-0.0623666,4.05277
-0.062358,4.02244
-0.0623486,4.03008
-0.0623393,3.98744
-0.0623302,3.99896
-0.0623204,4.01049
-0.0623105,4.06718
-0.0623015,4.07676
-0.0622929,4.04046
-0.0622843,4.01373
-0.0622765,3.9834
-0.0622688,3.96071
-0.0622604,3.89638
-0.0622512,3.85128
-0.0622421,3.86684
-0.0622323,3.88925
-0.0622226,3.94191
-0.0622124,4.03721
-0.0622019,4.17012
-0.0621919,4.17935
-0.062181,4.28423
-0.0621695,4.37225
-0.0621593,4.39394
-0.0621494,4.37514
-0.0621371,4.51015
-0.0621253,4.75104
-0.0621141,4.59508
-0.062104,4.48897
-0.062093,4.46252
-0.0620818,4.43983
-0.0620706,4.41909
-0.0620601,4.43219
-0.0620504,4.41505
-0.0620406,4.38278
-0.0620318,4.2815
-0.0620227,4.19087
-0.062013,4.198
-0.0620034,4.23237
-0.061993,4.25636
-0.0619831,4.24677
-0.0619737,4.29979
-0.0619648,4.24793
-0.0619562,4.18972
-0.0619481,4.12344
-0.0619401,4.06199
-0.0619318,4.03967
-0.0619232,4.04758
-0.061915,4.1004
-0.0619071,4.15456
-0.0618981,4.24793
-0.0618897,4.30225
-0.0618815,4.36203
-0.0618737,4.43176
-0.0618651,4.47405
-0.061857,4.47095
-0.0618485,4.50611
-0.0618403,4.49206
-0.0618319,4.44387
-0.061824,4.47095
-0.0618148,4.52852
-0.0618059,4.56158
-0.0617967,4.67193
-0.0617871,4.76026
-0.0617762,4.84519
-0.061765,4.9222
-0.0617532,4.98523
-0.0617424,4.92624
-0.0617322,4.84959
-0.0617219,4.7272
-0.0617119,4.59025
-0.0617027,4.5332
-0.061694,4.4742
-0.0616853,4.39676
-0.0616759,4.32299
-0.061666,4.28942
-0.0616556,4.27774
-0.0616453,4.26269
-0.061634,4.26349
-0.0616232,4.20758
-0.0616125,4.1027
-0.0616021,4.02893
-0.0615914,3.91158
-0.0615817,3.79993
-0.0615719,3.72407
-0.0615622,3.64757
-0.061553,3.55017
-0.0615439,3.50076
-0.0615357,3.4388
-0.0615272,3.35371
-0.0615178,3.2832
-0.0615074,3.1835
-0.0614976,3.12371
-0.0614851,3.11722
-0.0614722,3.108
-0.0614581,3.1036
-0.0614435,3.09762
-0.061431,3.10606
-0.0614196,3.17103
-0.0614085,3.2417
-0.061398,3.47835
-0.0613866,3.55421
-0.0613753,3.55852
-0.0613634,3.60556
-0.0613518,3.62322
-0.0613401,3.60881
-0.0613286,3.58482
-0.0613173,3.60347
-0.061306,3.60074
-0.0612949,3.63359
-0.061284,3.67062
-0.0612735,3.68661
-0.0612632,3.71369
-0.0612519,3.76283
-0.0612406,3.78825
-0.0612291,3.83184
-0.061218,3.87721
-0.0612073,3.88795
-0.0611972,3.84106
-0.0611868,3.84855
-0.0611765,3.82182
-0.0611667,3.8278
-0.0611568,3.88846
-0.0611483,3.91728
-0.0611403,3.87333
-0.0611326,3.89523
-0.0611249,3.83299
-0.0611164,3.76556
-0.0611078,3.7544
-0.0610993,3.76037
-0.0610903,3.76996
-0.061081,3.76037
-0.0610726,3.76944
-0.0610649,3.81382
-0.0610567,3.81354
-0.0610478,3.81497
-0.0610385,3.83623
-0.0610289,3.86684
-0.0610182,3.85373
-0.061007,3.91
-0.0609963,4.00205
-0.0609858,4.03606
-0.0609748,4.05083
-0.0609642,4.08195
-0.0609556,4.05602
-0.0609465,4.04176
-0.0609374,4.01207
-0.060928,4.06314
-0.0609179,4.14419
-0.0609074,4.26039
-0.0608969,4.70162
-0.0608858,4.54824
-0.0608753,4.60696
-0.0608646,4.59544
-0.0608539,4.50611
-0.0608431,4.42542
-0.0608322,4.38278
-0.0608199,4.30577
-0.0608082,4.24159
-0.060796,4.19606
-0.0607839,4.23965
-0.0607729,4.27905
-0.060762,4.26867
-0.0607508,4.25478
-0.0607399,4.30938
-0.0607291,4.34402
-0.0607187,4.32767
-0.0607084,4.27905
-0.0606983,4.21047
-0.0606879,4.0844
-0.0606785,3.75273
-0.0606677,3.75
-0.0606569,3.88097
-0.0606459,3.96511
-0.0606353,3.96784
-0.0606263,3.9471
-0.0606181,3.91598
-0.0606098,3.88276
-0.0606014,3.82261
-0.0605922,3.81743
-0.0605824,3.84855
-0.0605716,3.88355
-0.0605612,3.86569
-0.06055,3.88925
-0.0605396,3.86526
-0.0605302,3.79589
-0.0605208,3.71369
-0.0605116,3.67105
-0.0605021,3.65664
-0.0604927,3.65276
-0.0604853,3.69734
-0.0604763,3.7696
-0.0604659,3.81224
-0.0604555,3.89408
-0.0604445,3.89911
-0.0604351,3.94191
-0.0604257,3.99299
-0.0604163,3.97303
-0.0604065,3.9507
-0.0603964,3.97188
-0.0603866,4.02893
-0.0603758,4.08714
-0.0603662,4.09232
-0.0603575,4.02086
-0.06035,3.98629
-0.0603411,4.06848
-0.0603323,4.09232
-0.0603227,4.12863
-0.0603131,4.15326
-0.0603024,4.17804
-0.0602918,4.19994
-0.0602806,4.22199
-0.0602699,4.23597
-0.0602599,4.26349
-0.0602502,4.25311
-0.0602397,4.26867
-0.0602283,4.31535
-0.0602154,4.36643
-0.0601997,4.39834
-0.0601826,4.50323
-0.0601705,4.70954
-0.0601589,4.65847
-0.0601484,4.57108
-0.0601384,4.50402
-0.060128,4.45021
-0.0601188,4.39834
-0.0601088,4.31614
-0.0600986,4.23157
-0.0600884,4.19815
-0.0600781,4.17646
-0.0600685,4.12993
-0.060058,4.1158
-0.0600478,4.14146
-0.0600384,4.139
-0.0600289,4.13136
-0.0600201,4.11228
-0.0600105,4.1027
-0.0600014,4.18244
-0.0599924,4.22199
-0.0599823,4.25102
-0.0599725,4.24404
-0.0599625,4.24793
-0.0599528,4.21938
-0.0599424,4.19851
-0.0599328,4.2037
-0.059924,4.1818
-0.0599152,4.20283
-0.059907,4.1586
-0.0598984,4.14419
-0.0598891,4.12539
-0.0598792,4.13251
-0.0598691,4.21392
-0.0598585,4.32054
-0.0598488,4.42506
-0.0598398,4.37399
-0.0598304,4.31096
-0.0598201,4.26946
-0.0598104,4.25311
-0.0598004,4.29266
-0.0597916,4.22718
-0.0597828,4.12618
-0.0597742,4.02411
-0.0597655,3.92116
-0.0597575,3.82131
-0.0597499,3.7675
-0.059742,3.69504
-0.059734,3.66507
-0.0597262,3.66183
-0.0597175,3.65224
-0.0597078,3.7513
-0.0596982,3.85864
-0.0596859,4.19721
-0.0596729,4.52397
-0.0596609,4.5324
-0.0596499,4.59544
-0.0596392,4.65573
-0.0596291,4.6473
-0.0596197,4.5914
-0.0596108,4.48536
-0.0596022,4.28538
-0.0595923,4.29461
-0.0595826,4.33012
-0.059573,4.37759
-0.0595639,4.37644
-0.0595545,4.59025
-0.0595442,4.57829
-0.0595345,4.58815
-0.059525,4.53399
-0.0595161,4.53953
-0.059507,4.51439
-0.0594983,4.47456
-0.0594894,4.45828
-0.0594804,4.4698
-0.059471,4.47341
-0.0594615,4.46498
-0.0594512,4.43219
-0.0594401,4.46058
-0.0594288,4.53514
-0.0594177,4.55006
-0.0594072,4.55834
-0.0593968,4.55149
-0.0593868,4.51324
-0.0593772,4.46692
-0.0593675,4.47614
-0.0593576,4.46656
-0.059347,4.49364
-0.0593368,4.57757
-0.0593262,4.60308
-0.0593157,4.62137
-0.0593064,4.64212
-0.0592968,4.63693
-0.0592876,4.58261
-0.0592786,4.56186
-0.0592698,4.53593
-0.0592603,4.49689
-0.0592511,4.48212
-0.059241,4.51324
-0.0592304,4.57267
-0.0592199,4.63305
-0.0592089,4.6888
-0.0591979,4.75492
-0.0591882,4.76141
-0.059179,4.72237
-0.0591705,4.66575
-0.0591614,4.64421
-0.0591526,4.62525
-0.0591443,4.54681
-0.0591354,4.53759
-0.0591256,4.53838
-0.0591151,4.5914
-0.0591032,4.67193
-0.0590924,4.74118
-0.0590823,4.75428
-0.059073,4.75622
-0.0590638,4.73872
-0.0590542,4.71992
-0.0590453,4.71279
-0.0590359,4.70954
-0.0590248,4.68765
-0.0590128,4.7295
-0.0590022,4.75262
-0.0589921,4.7666
-0.0589824,4.71913
-0.0589723,4.6648
-0.0589621,4.62267
-0.0589515,4.54876
-0.0589399,4.59544
-0.0589281,4.62007
-0.0589169,4.63447
-0.0589068,4.61891
-0.0588967,4.59025
-0.0588861,4.5345
-0.0588759,4.48536
-0.0588672,4.42269
-0.058858,4.36318
-0.0588493,4.32573
-0.0588406,4.29591
-0.0588314,4.23237
-0.0588219,4.19202
-0.0588113,4.13706
-0.0588017,4.01777
-0.0587917,3.89004
-0.0587821,3.76037
-0.0587724,3.67026
-0.058763,3.6315
-0.0587537,3.56197
-0.0587443,3.49066
-0.0587347,3.45032
-0.0587253,3.39572
-0.058716,3.35062
-0.0587072,3.30782
-0.0586979,3.27282
-0.0586883,3.25243
-0.0586785,3.26605
-0.0586689,3.36891
-0.0586597,3.51869
-0.0586509,3.61075
-0.0586423,3.63799
-0.0586353,3.56055
-0.0586282,3.57365
-0.05862,3.46603
-0.058611,3.42842
-0.058601,3.42078
-0.0585902,3.43555
-0.0585797,3.47237
-0.0585694,3.46877
-0.0585585,3.5166
-0.0585471,3.56522
-0.0585356,3.59959
-0.0585246,3.65339
-0.0585142,3.66947
-0.0585046,3.66622
-0.0584939,3.69813
-0.0584835,3.72018
-0.0584739,3.73329
-0.0584635,3.72925
-0.0584529,3.77154
-0.0584412,3.83026
-0.05843,3.83378
-0.0584187,3.85373
-0.0584074,3.89523
-0.0583961,3.90287
-0.0583851,3.92556
-0.0583745,3.98419
-0.0583636,4.03297
-0.0583532,4.04853
-0.0583425,4.13251
-0.0583319,4.15456
-0.058322,4.16494
-0.0583118,4.17128
-0.0583007,4.21622
-0.0582901,4.30498
-0.0582784,4.38393
-0.0582665,4.46901
-0.0582544,4.56432
-0.0582424,4.63535
-0.0582303,4.71473
-0.0582186,4.72625
-0.0582075,4.71164
-0.0581964,4.71473
-0.0581852,4.75753
-0.0581733,4.82365
-0.0581604,4.88589
-0.0581468,4.98444
-0.0581337,4.99272
-0.0581216,4.9266
-0.0581114,4.80809
-0.0581011,4.704
-0.0580909,4.64133
-0.0580799,4.63059
-0.0580681,4.63483
-0.058056,4.62382
-0.0580437,4.66013
-0.0580311,4.79526
-0.0580202,4.74276
-0.0580113,4.65443
-0.0580025,4.62137
-0.0579923,4.59183
-0.0579814,4.58506
-0.0579699,4.56626
-0.0579581,4.62137
-0.057946,4.70954
-0.0579355,4.71992
-0.0579259,4.67842
-0.0579164,4.62331
-0.0579074,4.56432
-0.0578977,4.54242
-0.0578875,4.53838
-0.0578768,4.57829
-0.0578663,4.60193
-0.0578562,4.61373
-0.0578464,4.54357
-0.0578361,4.48846
-0.0578264,4.49689
-0.0578164,4.49495
-0.0578064,4.47614
-0.0577971,4.36203
-0.0577868,4.3732
-0.0577764,4.44502
-0.0577651,4.44617
-0.0577529,4.40107
-0.0577403,4.40871
-0.0577274,4.39949
-0.0577134,4.3789
-0.0577011,4.35051
-0.0576895,4.29979
-0.0576779,4.21162
-0.0576668,4.17971
-0.0576547,4.18295
-0.0576428,4.22314
-0.0576319,4.30886
-0.0576211,4.26709
-0.0576108,4.22797
-0.0576009,4.24908
-0.0575921,4.25909
-0.0575823,4.20968
-0.0575726,4.16494
-0.0575629,4.10903
-0.0575526,4.02814
-0.0575424,3.96281
-0.0575308,3.94385
-0.0575192,3.95747
-0.0575071,3.98419
-0.0574943,3.99896
-0.0574831,3.98744
-0.0574722,3.95747
-0.0574613,3.9471
-0.0574514,3.9471
-0.0574419,3.91907
-0.057433,3.96511
-0.0574236,3.98665
-0.0574142,3.95228
-0.0574038,3.98586
-0.0573931,4.03527
-0.0573837,4.06912
-0.0573744,4.04616
-0.0573653,4.03397
-0.0573558,4.05717
-0.057345,4.13303
-0.0573346,4.28784
-0.0573239,4.37083
-0.0573135,4.4139
-0.0573032,4.45172
-0.0572929,4.46252
-0.0572838,4.44257
-0.0572749,4.42427
-0.0572662,4.41196
-0.0572567,4.4152
-0.0572468,4.40792
-0.0572367,4.4126
-0.0572254,4.46216
-0.0572149,4.53161
-0.057205,4.58427
-0.0571948,4.64017
-0.057184,4.72043
-0.0571728,4.78734
-0.0571595,5.1971
-0.0571477,5.26971
-0.0571373,5.13485
-0.0571282,5.10489
-0.0571191,5.02724
-0.0571094,4.98495
-0.0571002,4.94568
-0.0570909,4.87148
-0.0570822,4.77891
-0.0570741,4.70681
-0.0570653,4.6123
-0.0570564,4.59544
-0.0570477,4.56352
-0.0570394,4.5332
-0.0570308,4.53399
-0.0570216,4.55394
-0.057012,4.63368
-0.0570025,4.70436
-0.056993,4.72641
-0.0569838,4.73029
-0.0569745,4.7666
-0.0569648,4.82444
-0.0569543,4.85917
-0.0569439,4.82884
-0.0569337,4.85168
-0.0569229,4.88589
-0.0569133,4.80406
-0.0569031,4.73144
-0.0568933,4.70032
-0.0568836,4.66013
-0.0568751,4.52686
-0.0568677,4.43738
-0.0568604,4.35166
-0.056853,4.27386
-0.0568449,4.1993
-0.056837,4.1805
-0.0568283,4.20124
-0.0568194,4.26752
-0.0568091,4.29136
-0.0567995,4.34532
-0.0567896,4.43465
-0.0567799,4.46137
-0.0567702,4.42427
-0.0567609,4.40856
-0.0567509,4.4139
-0.0567418,4.42427
-0.0567324,4.36916
-0.0567234,4.30822
-0.0567143,4.32054
-0.0567049,4.3397
-0.0566959,4.32442
-0.056687,4.34517
-0.0566787,4.35439
-0.0566697,4.31939
-0.0566616,4.30886
-0.0566533,4.25715
-0.0566444,4.22041
-0.0566352,4.17531
-0.0566266,4.10947
-0.0566179,4.06509
-0.0566091,4.02101
-0.0566006,4.00285
-0.0565922,3.99457
-0.0565833,3.94191
-0.0565741,3.87175
-0.0565649,3.84142
-0.0565553,3.82701
-0.0565448,3.80056
-0.0565324,3.82261
-0.0565195,3.91
-0.0565069,3.99457
-0.0564932,4.0053
-0.0564787,4.03448
-0.0564652,3.93557
-0.0564541,3.73444
-0.0564425,3.5944
-0.0564325,3.44477
-0.0564212,3.2788
-0.0564106,3.11045
-0.056398,3.00066
-0.0563854,2.94333
-0.056373,2.89938
-0.0563625,2.8527
-0.0563518,2.83714
-0.0563415,2.78729
-0.0563312,2.7509
-0.0563214,2.72901
-0.0563127,2.68672
-0.0563037,2.64004
-0.0562945,2.59855
-0.0562847,2.53904
-0.0562755,2.51556
-0.0562657,2.46888
-0.0562555,2.41622
-0.0562448,2.36399
-0.0562337,2.32769
-0.056222,2.32884
-0.0562103,2.35802
-0.0561994,2.41313
-0.0561881,2.48444
-0.0561772,2.55575
-0.0561666,2.60179
-0.0561545,2.62333
-0.0561429,2.59609
-0.0561309,2.5778
-0.05612,2.5546
-0.0561091,2.48963
-0.0560987,2.49078
-0.0560896,2.53112
-0.0560814,2.62721
-0.0560737,2.71784
-0.0560663,2.87344
-0.0560581,2.85076
-0.0560497,2.85155
-0.0560407,2.85658
-0.0560315,2.8715
-0.0560225,2.87099
-0.0560135,2.89304
-0.0560044,2.90254
-0.055995,2.94851
-0.0559845,2.96565
-0.0559733,2.97848
-0.0559622,2.99274
-0.0559514,3.01594
-0.0559403,3.00311
-0.05593,2.99028
-0.0559191,2.97833
-0.0559082,3.02256
-0.0558979,3.09778
-0.0558876,3.1639
-0.0558783,3.23248
-0.0558681,3.32303
-0.0558582,3.37022
-0.055849,3.39291
-0.0558397,3.39924
-0.0558312,3.36215
-0.0558219,3.32469
-0.0558135,3.29357
-0.0558047,3.26763
-0.055796,3.21252
-0.0557861,3.20539
-0.0557769,3.2023
-0.055767,3.2417
-0.0557569,3.27931
-0.0557468,3.30315
-0.0557364,3.34464
-0.0557259,3.40768
-0.0557148,3.42842
-0.0557037,3.46798
-0.055693,3.49066
-0.0556819,3.48029
-0.0556697,3.48821
-0.0556575,3.50817
-0.0556455,3.54368
-0.0556344,3.4751
-0.055625,3.4192
-0.0556161,3.29876
-0.0556066,3.19098
-0.0555975,3.12953
-0.0555887,3.08373
-0.0555807,3.04461
-0.0555725,3.01024
-0.0555634,3.03581
-0.0555542,3.11722
-0.0555449,3.21822
-0.0555345,3.31316
-0.0555253,3.3623
-0.0555166,3.35775
-0.0555084,3.31432
-0.0554994,3.27801
-0.0554901,3.28565
-0.0554808,3.2404
-0.0554712,3.19423
-0.0554621,3.15626
-0.0554548,3.11607
-0.055446,3.11045
-0.0554361,3.11722
-0.0554264,3.1639
-0.0554173,3.19502
-0.0554085,3.21137
-0.0553994,3.19142
-0.0553907,3.17103
-0.0553819,3.15756
-0.0553717,3.12696
-0.0553622,3.1683
-0.0553521,3.25532
-0.0553415,3.25532
-0.0553303,3.27476
-0.0553195,3.28514
-0.0553096,3.25207
-0.0553001,3.19502
-0.0552902,3.13084
-0.05528,3.1057
-0.0552692,3.12644
-0.0552582,3.17427
-0.0552489,3.23651
-0.0552397,3.29745
-0.0552287,3.37886
-0.0552188,3.46307
-0.0552084,3.49181
-0.0551987,3.46992
-0.0551882,3.45954
-0.0551769,3.44838
-0.0551663,3.4365
-0.0551537,3.40494
-0.0551397,3.40494
-0.0551256,3.4148
-0.0551124,3.46682
-0.0550997,3.51869
-0.0550872,3.5385
-0.0550757,3.55564
-0.0550654,3.59555
-0.0550557,3.58676
-0.0550466,3.5738
-0.055038,3.58323
-0.0550289,3.52776
-0.0550196,3.48354
-0.0550103,3.49145
-0.0549999,3.45278
-0.0549896,3.4388
-0.0549788,3.45954
-0.054969,3.4148
-0.0549589,3.35256
-0.0549495,3.32469
-0.05494,3.30394
-0.0549298,3.32275
-0.0549201,3.37577
-0.054911,3.42324
-0.0549019,3.48548
-0.0548928,3.49846
-0.0548837,3.48159
-0.0548744,3.48354
-0.0548642,3.44398
-0.0548538,3.44917
-0.0548422,3.4388
-0.0548318,3.38693
-0.0548207,3.3391
-0.0548087,3.32469
-0.0547975,3.35308
-0.0547864,3.36539
-0.0547765,3.38075
-0.0547663,3.38966
-0.0547561,3.39291
-0.0547459,3.34219
-0.0547353,3.29111
-0.0547251,3.31432
-0.0547149,3.38432
-0.0547052,3.41365
-0.0546965,3.40883
-0.0546877,3.40134
-0.0546788,3.361
-0.05467,3.361
-0.0546606,3.3195
-0.0546515,3.26763
-0.0546417,3.2067
-0.0546318,3.16101
-0.0546221,3.12565
-0.0546128,3.15079
-0.0546031,3.23002
-0.0545937,3.30343
-0.0545837,3.34983
-0.0545745,3.42482
-0.0545628,3.58518
-0.0545498,3.81224
-0.0545378,3.74481
-0.0545263,3.64353
-0.0545163,3.57207
-0.0545069,3.46992
-0.0544972,3.38202
-0.0544878,3.34429
-0.0544787,3.35581
-0.05447,3.33391
-0.0544613,3.31835
-0.0544523,3.3195
-0.0544438,3.33067
-0.0544354,3.30913
-0.0544262,3.28838
-0.0544182,3.26114
-0.0544095,3.24364
-0.0544007,3.2824
-0.0543916,3.31432
-0.0543818,3.30913
-0.0543725,3.30913
-0.0543627,3.30394
-0.0543536,3.27361
-0.0543432,3.23976
-0.054334,3.18465
-0.0543245,3.13523
-0.0543145,3.11318
-0.0543042,3.09647
-0.0542942,3.1057
-0.0542848,3.13797
-0.0542751,3.21901
-0.0542653,3.26273
-0.0542555,3.27801
-0.0542459,3.30913
-0.0542365,3.33585
-0.0542271,3.35062
-0.0542184,3.29745
-0.0542096,3.21058
-0.054201,3.14964
-0.0541925,3.09647
-0.0541837,3.06614
-0.0541743,3.07573
-0.0541651,3.12759
-0.0541557,3.11722
-0.0541472,3.17103
-0.0541378,3.26879
-0.054129,3.28723
-0.0541197,3.25647
-0.0541118,3.23018
-0.0541037,3.1858
-0.0540954,3.15483
-0.0540877,3.13278
-0.0540793,3.15662
-0.054071,3.13278
-0.0540623,3.12241
-0.0540543,3.12162
-0.0540452,3.09841
-0.0540364,3.12953
-0.0540264,3.17867
-0.0540165,3.1595
-0.0540056,3.10324
-0.0539942,3.09129
-0.0539839,3.12083
-0.0539738,3.20151
-0.0539638,3.22341
-0.0539538,3.21656
-0.0539436,3.22939
-0.0539336,3.2242
-0.0539204,3.20928
-0.053911,3.20979
-0.0539014,3.15159
-0.0538911,3.08285
-0.0538815,3.02674
-0.0538706,2.97991
-0.0538597,2.97199
-0.0538486,2.98482
-0.0538382,3.03942
-0.0538275,3.07652
-0.0538174,3.09647
-0.0538059,3.13357
-0.0537952,3.13278
-0.0537848,3.13797
-0.053774,3.15353
-0.0537637,3.15986
-0.0537533,3.22016
-0.053743,3.23897
-0.0537329,3.22744
-0.053722,3.21252
-0.0537111,3.21901
-0.0537002,3.18192
-0.0536886,3.15353
-0.0536773,3.13523
-0.0536655,3.16311
-0.0536537,3.21058
-0.0536415,3.28529
-0.0536293,3.34349
-0.0536173,3.4388
-0.0536057,3.48793
-0.0535944,3.45954
-0.0535822,3.4017
-0.053571,3.33506
-0.0535605,3.26375
-0.0535508,3.16505
-0.0535414,3.06147
-0.0535315,3.03502
-0.0535224,3.00945
-0.0535121,3.03617
-0.053502,3.07846
-0.0534928,3.11916
-0.053483,3.13955
-0.0534747,3.10879
-0.0534668,3.06017
-0.0534598,3.04785
-0.0534524,3.05822
-0.0534454,3.06808
-0.0534375,3.04461
-0.053431,3.0861
-0.0534232,3.03099
-0.0534149,2.9668
-0.0534065,2.94721
-0.0533975,2.94412
-0.0533883,2.94218
-0.0533787,2.91573
-0.0533691,2.87784
-0.053359,2.86711
-0.0533478,2.88057
-0.0533363,2.91897
-0.053324,2.97963
-0.0533113,3.11686
-0.053299,3.24689
-0.0532874,3.42209
-0.0532769,3.44398
-0.0532662,3.41286
-0.0532561,3.36812
-0.0532468,3.29032
-0.053237,3.20539
-0.0532269,3.1639
-0.0532172,3.13523
-0.0532058,3.15353
-0.0531943,3.23572
-0.0531827,3.2832
-0.0531721,3.32988
-0.0531611,3.36215
-0.0531516,3.32029
-0.0531415,3.26605
-0.0531324,3.25726
-0.0531226,3.236
-0.0531133,3.20021
-0.0531038,3.2185
-0.0530945,3.17427
-0.0530861,3.14027
-0.0530777,3.16275
-0.0530691,3.11773
-0.0530602,3.03538
-0.0530522,2.97199
-0.053044,2.9305
-0.053036,2.89938
-0.0530273,2.86905
-0.0530187,2.8527
-0.0530092,2.87863
-0.0529992,2.96839
-0.0529886,3.10375
-0.0529785,3.15562
-0.0529684,3.17831
-0.0529585,3.16794
-0.052949,3.13278
-0.0529385,3.08725
-0.0529283,3.03293
-0.0529184,2.95758
-0.0529075,2.89015
-0.0528962,2.84751
-0.052884,2.84751
-0.0528724,2.87748
-0.0528638,2.8759
-0.0528543,2.90168
-0.0528449,2.95564
-0.0528351,2.96162
-0.0528258,2.9341
-0.0528163,2.93568
-0.0528077,2.91494
-0.0527993,2.85998
-0.0527902,2.83325
-0.0527818,2.76646
-0.0527727,2.72267
-0.0527635,2.70862
-0.0527544,2.68918
-0.0527458,2.6752
-0.0527361,2.61022
-0.0527272,2.56224
-0.0527175,2.48638
-0.0527076,2.4209
-0.0526974,2.45851
-0.0526872,2.54957
-0.0526763,2.66079
-0.0526664,2.84102
-0.0526562,2.92128
-0.0526473,2.99353
-0.0526389,3.01349
-0.0526301,3.03293
-0.0526206,3.04251
-0.0526114,3.03178
-0.0526022,2.97718
-0.0525927,2.9537
-0.0525829,2.91703
-0.0525732,2.89419
-0.0525655,2.89031
-0.0525557,2.86386
-0.0525444,2.9668
-0.0525336,3.05015
-0.0525219,3.09647
-0.0525111,3.13472
-0.052501,3.08689
-0.0524911,3.05419
-0.0524813,3.03423
-0.052472,3.0315
-0.0524623,3.01428
-0.0524527,2.99195
-0.0524425,2.95124
-0.0524326,2.88057
-0.0524227,2.85024
-0.0524123,2.80198
-0.0524009,2.74896
-0.0523916,2.68672
-0.052383,2.64523
-0.0523751,2.59494
-0.0523668,2.56275
-0.0523579,2.58299
-0.052349,2.62448
-0.0523404,2.6657
-0.0523328,2.71396
-0.052324,2.76013
-0.0523153,2.74781
-0.052306,2.7981
-0.0522956,2.8483
-0.0522856,2.83195
-0.0522754,2.75285
-0.0522655,2.67635
-0.0522557,2.60504
-0.0522457,2.56743
-0.0522372,2.59855
-0.0522292,2.5559
-0.052221,2.56549
-0.0522123,2.59336
-0.0522032,2.61411
-0.0521942,2.65718
-0.0521844,2.6927
-0.0521745,2.70307
-0.0521635,2.71475
-0.0521531,2.75336
-0.0521427,2.78887
-0.0521332,2.79564
-0.0521231,2.77165
-0.052112,2.7509
-0.0521009,2.72952
-0.0520899,2.71784
-0.0520799,2.66309
-0.0520697,2.5974
-0.0520598,2.52724
-0.0520498,2.50194
-0.0520396,2.5
-0.0520292,2.52593
-0.0520196,2.63082
-0.0520099,2.71381
-0.0519999,2.74817
-0.0519902,2.76856
-0.05198,2.75624
-0.0519694,2.753
-0.0519587,2.74896
-0.0519481,2.71381
-0.0519374,2.67389
-0.0519275,2.60373
-0.0519187,2.5371
-0.0519093,2.5
-0.0519002,2.48559
-0.0518907,2.50273
-0.051881,2.55994
-0.0518714,2.62563
-0.051861,2.67088
-0.0518485,2.85385
-0.0518363,2.9318
-0.0518253,2.92971
-0.0518153,2.89419
-0.0518055,2.83987
-0.0517959,2.80083
-0.051787,2.75415
-0.0517779,2.71705
-0.0517692,2.6556
-0.0517603,2.58299
-0.0517518,2.48365
-0.0517436,2.39302
-0.0517348,2.3225
-0.0517257,2.29772
-0.0517167,2.29772
-0.0517069,2.35362
-0.0516978,2.4397
-0.0516882,2.52075
-0.0516783,2.57622
-0.0516684,2.60762
-0.0516584,2.61526
-0.0516488,2.61007
-0.0516388,2.56612
-0.0516292,2.53227
-0.05162,2.48329
-0.0516109,2.4222
-0.0516015,2.35477
-0.0515924,2.28734
-0.0515832,2.26869
-0.0515741,2.27503
-0.051565,2.31522
-0.0515556,2.35917
-0.0515467,2.39108
-0.0515379,2.43776
-0.0515289,2.46254
-0.05152,2.48559
-0.0515101,2.51635
-0.0515005,2.53357
-0.051491,2.56418
-0.0514826,2.56145
-0.0514739,2.53033
-0.0514649,2.52075
-0.0514558,2.50483
-0.0514462,2.45447
-0.051435,2.41571
-0.0514251,2.35635
-0.0514157,2.3029
-0.0514057,2.26026
-0.0513961,2.26011
-0.0513865,2.32726
-0.0513764,2.39266
-0.0513665,2.48689
-0.0513569,2.56822
-0.0513468,2.59985
-0.0513372,2.64135
-0.0513263,2.64004
-0.0513137,2.5997
-0.0513021,2.56901
-0.0512914,2.48444
-0.0512808,2.39187
-0.0512701,2.3212
-0.0512595,2.28734
-0.0512491,2.29368
-0.0512384,2.3094
-0.051229,2.33921
-0.0512192,2.37473
-0.0512102,2.39757
-0.0512008,2.41183
-0.0511914,2.43336
-0.0511814,2.47328
-0.0511722,2.52954
-0.0511635,2.53955
-0.0511542,2.53552
-0.0511448,2.53112
-0.0511352,2.50713
-0.0511236,2.48963
-0.0511117,2.45332
-0.0510994,2.39785
-0.0510874,2.34555
-0.0510766,2.3029
-0.0510661,2.27309
-0.0510555,2.28814
-0.051045,2.33648
-0.0510345,2.37358
-0.0510237,2.45851
-0.0510118,2.48171
-0.050999,2.46888
-0.0509867,2.44813
-0.0509738,2.37955
-0.050962,2.28655
-0.0509508,2.19477
-0.0509405,2.11618
-0.0509301,2.05394
-0.0509205,2.03593
-0.0509097,2.05719
-0.0508997,2.11309
-0.0508889,2.15883
-0.0508783,2.19608
-0.0508668,2.23548
-0.0508554,2.29981
-0.0508445,2.37991
-0.0508326,2.4222
-0.0508218,2.43661
-0.0508107,2.4572
-0.0508005,2.48769
-0.0507906,2.49596
-0.0507801,2.5219
-0.0507704,2.57507
-0.0507611,2.65172
-0.0507525,2.69436
-0.0507447,2.82755
-0.0507368,2.99634
-0.050729,3.09359
-0.0507198,3.14652
-0.0507092,3.26763
-0.0506978,3.41884
-0.0506854,3.54902
-0.0506742,3.64547
-0.050663,3.75634
-0.0506523,3.85864
-0.0506418,3.87527
-0.0506323,3.87318
-0.0506233,3.87606
-0.0506145,3.90869
-0.0506039,3.95747
-0.0505938,4.02216
-0.0505836,4.10242
-0.0505735,4.17856
-0.0505628,4.25311
-0.0505522,4.31614
-0.0505419,4.34893
-0.0505319,4.32688
-0.0505218,4.32169
-0.0505119,4.30577
-0.0505011,4.29266
-0.0504894,4.30743
-0.0504771,4.36492
-0.050464,4.36995
-0.050452,4.31017
-0.0504411,4.19087
-0.050431,4.06509
-0.0504216,3.95747
-0.0504123,3.88046
-0.0504033,3.78631
-0.0503942,3.72846
-0.0503847,3.68257
-0.0503753,3.67465
-0.0503651,3.65145
-0.0503547,3.63589
-0.0503444,3.64432
-0.0503343,3.68336
-0.0503239,3.65794
-0.0503138,3.59959
-0.0503036,3.55421
-0.0502935,3.57444
-0.0502833,3.54772
-0.0502731,3.51739
-0.0502628,3.52099
-0.0502526,3.48548
-0.0502417,3.47899
-0.0502313,3.4795
-0.050222,3.54772
-0.0502118,3.68661
-0.0501994,3.77918
-0.0501875,3.81109
-0.0501748,3.83948
-0.0501636,3.84855
-0.0501532,3.8046
-0.0501427,3.74481
-0.0501339,3.6678
-0.0501242,3.58042
-0.050114,3.53216
-0.0501043,3.52337
-0.0500946,3.53425
-0.0500857,3.54902
-0.0500764,3.58533
-0.0500667,3.649
-0.0500567,3.63641
-0.0500473,3.68776
-0.0500375,3.74481
-0.0500278,3.74921
-0.0500174,3.73329
-0.0500067,3.72292
-0.0499961,3.69813
-0.0499864,3.6722
-0.0499772,3.63704
-0.0499677,3.60556
-0.0499583,3.54332
-0.0499484,3.48548
-0.0499384,3.45875
-0.0499289,3.43282
-0.0499166,3.43634
-0.0499036,3.46992
-0.0498908,3.52582
-0.0498788,3.57999
-0.0498668,3.66183
-0.0498551,3.76231
-0.0498434,3.73444
-0.0498321,3.72925
-0.0498218,3.66586
-0.0498116,3.59555
-0.0498015,3.53655
-0.0497919,3.44268
-0.0497823,3.37916
-0.0497737,3.35335
-0.0497658,3.37022
-0.0497571,3.3916
-0.0497474,3.41417
-0.0497373,3.4388
-0.0497274,3.46473
-0.0497172,3.50622
-0.0497061,3.49815
-0.0496937,3.53604
-0.0496824,3.5748
-0.0496718,3.58402
-0.0496622,3.55809
-0.0496527,3.55096
-0.0496419,3.52697
-0.0496318,3.48274
-0.049621,3.48029
-0.0496098,3.42842
-0.0495991,3.39615
-0.0495882,3.37382
-0.0495786,3.34774
-0.0495693,3.34544
-0.04956,3.35141
-0.0495508,3.38693
-0.0495415,3.43476
-0.0495313,3.45242
-0.0495213,3.46279
-0.0495112,3.53267
-0.0495012,3.56407
-0.0494914,3.48223
-0.0494824,3.43231
-0.0494729,3.35335
-0.0494636,3.29032
-0.0494538,3.26763
-0.0494434,3.23248
-0.0494334,3.20698
-0.0494229,3.22226
-0.0494127,3.25726
-0.0494025,3.29048
-0.0493929,3.30394
-0.0493834,3.29357
-0.0493738,3.28996
-0.0493649,3.29111
-0.0493565,3.29084
-0.0493473,3.25726
-0.049338,3.26145
-0.0493288,3.23248
-0.0493184,3.20021
-0.0493088,3.17622
-0.0492996,3.12759
-0.0492896,3.07573
-0.0492803,3.05225
-0.0492705,3.03942
-0.0492612,3.03696
-0.0492522,3.04655
-0.0492426,3.07573
-0.0492333,3.11722
-0.0492227,3.1639
-0.0492122,3.20266
-0.049202,3.20943
-0.0491923,3.21173
-0.049183,3.15871
-0.0491739,3.07573
-0.0491655,3.0039
-0.0491573,2.95124
-0.0491484,2.89304
-0.0491389,2.86422
-0.0491293,2.83959
-0.0491198,2.87344
-0.0491091,2.94606
-0.0490973,3.05419
-0.0490856,3.11722
-0.0490701,3.38902
-0.0490545,3.54202
-0.0490409,3.56846
-0.0490289,3.5529
-0.0490179,3.50622
-0.0490079,3.42209
-0.0489993,3.32988
-0.0489906,3.22614
-0.0489818,3.17831
-0.0489733,3.09517
-0.0489646,3.05419
-0.0489551,3.0083
-0.0489466,3.00945
-0.0489379,2.99598
-0.0489292,3.00311
-0.0489209,3.01349
-0.0489125,3.02905
-0.0489041,3.04136
-0.0488954,3.03942
-0.048886,3.07363
-0.0488762,3.11203
-0.048866,3.17427
-0.0488564,3.2046
-0.0488472,3.18595
-0.0488379,3.13797
-0.0488294,3.07818
-0.0488211,3.03229
-0.048812,2.97833
-0.0488024,2.94491
-0.0487927,2.95009
-0.0487831,2.96875
-0.0487742,2.98446
-0.0487648,2.99872
-0.0487555,3.0433
-0.0487457,3.07054
-0.0487363,3.12047
-0.0487279,3.13797
-0.0487186,3.15222
-0.0487087,3.17946
-0.0486977,3.19906
-0.0486861,3.2067
-0.0486733,3.21058
-0.0486602,3.22095
-0.0486466,3.21771
-0.048634,3.1835
-0.0486216,3.14446
-0.0486087,3.11124
-0.0485969,3.13603
-0.0485849,3.15028
-0.0485724,3.17312
-0.0485604,3.19502
-0.04855,3.22405
-0.0485387,3.18544
-0.0485285,3.13718
-0.0485174,3.09323
-0.0485072,3.03214
-0.0484956,2.97184
-0.0484849,2.94606
-0.0484735,2.94475
-0.0484612,2.93972
-0.0484498,2.93972
-0.0484397,2.97718
-0.0484293,3.0096
-0.0484181,3.04864
-0.0484065,3.0874
-0.0483928,3.16145
-0.0483791,3.25287
-0.0483651,3.29876
-0.0483525,3.27282
-0.0483414,3.2381
-0.0483306,3.18025
-0.0483199,3.11722
-0.0483091,3.07573
-0.0482986,3.04266
-0.0482886,3.01464
-0.0482792,2.99468
-0.0482698,2.98676
-0.0482604,2.99274
-0.0482512,3.02644
-0.0482421,3.04655
-0.0482334,3.06535
-0.048224,3.07299
-0.0482139,3.0905
-0.0482034,3.13005
-0.0481931,3.12759
-0.0481826,3.08091
-0.048172,3.02674
-0.0481614,2.98913
-0.0481511,2.96162
-0.0481414,2.93684
-0.0481326,2.89419
-0.0481234,2.889
-0.0481136,2.91494
-0.0481037,2.92373
-0.0480941,2.96162
-0.048084,3.07054
-0.0480732,3.11722
-0.0480616,3.1639
-0.0480494,3.16909
-0.0480378,3.17427
-0.0480265,3.15353
-0.0480162,3.09647
-0.0480068,3.00636
-0.0479974,2.97199
-0.0479885,2.95774
-0.0479798,2.91494
-0.0479716,2.89304
-0.0479649,2.85788
-0.0479576,2.84102
-0.0479504,2.82158
-0.0479434,2.83829
-0.0479354,2.82158
-0.0479269,2.8112
-0.0479176,2.81199
-0.0479094,2.82597
-0.0479004,2.81912
-0.047892,2.81754
-0.0478833,2.83325
-0.0478739,2.83793
-0.0478649,2.83195
-0.0478562,2.80004
-0.0478472,2.74975
-0.0478382,2.72822
-0.047829,2.71994
-0.0478203,2.6971
-0.0478111,2.68672
-0.0478026,2.6556
-0.0477932,2.68154
-0.0477846,2.67231
-0.0477768,2.6731
-0.0477684,2.70747
-0.0477599,2.73895
-0.0477509,2.7772
-0.0477417,2.82352
-0.0477322,2.87942
-0.0477223,2.889
-0.0477129,2.86826
-0.0477032,2.83793
-0.0476938,2.80602
-0.0476846,2.76452
-0.0476761,2.71784
-0.0476677,2.69191
-0.0476584,2.64004
-0.0476497,2.62448
-0.0476404,2.59855
-0.0476312,2.60049
-0.0476204,2.62888
-0.0476098,2.68427
-0.0475981,2.72303
-0.0475862,2.76856
-0.047575,2.80277
-0.0475637,2.84636
-0.0475529,2.87863
-0.0475435,2.86501
-0.0475335,2.85385
-0.0475231,2.82158
-0.047513,2.76761
-0.0475035,2.73744
-0.047494,2.70228
-0.047485,2.69789
-0.0474753,2.70228
-0.0474663,2.69579
-0.0474569,2.72822
-0.0474472,2.74702
-0.0474373,2.76777
-0.0474276,2.80356
-0.0474175,2.83116
-0.0474083,2.83714
-0.0473986,2.84751
-0.0473889,2.87539
-0.0473788,2.89938
-0.0473679,2.89419
-0.047358,2.86711
-0.0473477,2.83714
-0.0473373,2.80408
-0.0473257,2.7728
-0.0473133,2.78008
-0.0473008,2.82403
-0.0472896,2.83195
-0.0472792,2.8506
-0.0472694,2.86098
-0.04726,2.84751
-0.0472512,2.82288
-0.0472426,2.79046
-0.0472338,2.78008
-0.0472223,2.76567
-0.0472103,2.78887
-0.0471989,2.77569
-0.047186,2.79449
-0.0471727,2.82158
-0.0471601,2.84557
-0.0471479,2.83195
-0.0471361,2.82676
-0.0471255,2.84232
-0.0471152,2.85709
-0.0471048,2.86307
-0.0470946,2.85788
-0.0470843,2.8527
-0.0470737,2.85998
-0.0470631,2.85788
-0.0470518,2.84521
-0.0470412,2.80523
-0.0470314,2.80083
-0.0470215,2.74378
-0.0470119,2.69385
-0.047003,2.62448
-0.046994,2.59221
-0.0469854,2.55187
-0.0469765,2.54034
-0.0469673,2.5407
-0.0469581,2.55302
-0.0469482,2.56743
-0.0469397,2.60294
-0.0469309,2.67195
-0.046922,2.67635
-0.0469128,2.6556
-0.0469038,2.61735
-0.0468948,2.58299
-0.0468856,2.58572
-0.0468748,2.55784
-0.0468646,2.53631
-0.0468556,2.55705
-0.0468464,2.53516
-0.0468372,2.51556
-0.0468287,2.48689
-0.0468197,2.46888
-0.046811,2.46211
-0.0468011,2.48717
-0.0467918,2.52514
-0.0467818,2.6229
-0.0467718,2.695
-0.0467622,2.70343
-0.0467522,2.71705
-0.0467422,2.70359
-0.0467325,2.6984
-0.0467226,2.71381
-0.0467132,2.6906
-0.0467032,2.65121
-0.0466922,2.66728
-0.0466811,2.64392
-0.0466686,2.64408
-0.0466569,2.64962
-0.0466462,2.63616
-0.0466365,2.61771
-0.0466272,2.59257
-0.0466173,2.58817
-0.0466068,2.60049
-0.0465971,2.60777
-0.0465878,2.59855
-0.0465792,2.56743
-0.0465706,2.5407
-0.0465616,2.52593
-0.0465515,2.51714
-0.0465408,2.53306
-0.0465297,2.56303
-0.0465183,2.56743
-0.0465056,2.55864
-0.0464925,2.56224
-0.04648,2.58105
-0.0464678,2.57701
-0.0464569,2.57261
-0.0464463,2.58414
-0.0464347,2.59336
-0.0464238,2.59934
-0.0464131,2.59415
-0.0464031,2.5778
-0.0463925,2.55302
-0.0463823,2.52463
-0.0463723,2.48523
-0.0463626,2.46563
-0.0463528,2.44619
-0.046343,2.4418
-0.0463327,2.4178
-0.0463224,2.43257
-0.0463128,2.44216
-0.046303,2.4397
-0.0462939,2.41183
-0.0462848,2.4003
-0.0462762,2.40303
-0.0462676,2.40794
-0.0462583,2.39223
-0.0462485,2.39353
-0.0462383,2.40145
-0.0462276,2.39857
-0.0462165,2.33806
-0.0462035,2.40585
-0.0461914,2.40988
-0.0461812,2.33921
-0.0461718,2.26466
-0.0461635,2.21069
-0.0461555,2.16286
-0.0461472,2.12295
-0.0461392,2.10256
-0.0461309,2.08506
-0.046122,2.10581
-0.0461134,2.12382
-0.0461041,2.15119
-0.0460941,2.15249
-0.0460843,2.17648
-0.0460747,2.16611
-0.0460649,2.13578
-0.046056,2.10581
-0.0460462,2.07311
-0.0460363,2.0288
-0.0460268,2.00077
-0.0460173,1.98133
-0.0460078,1.96901
-0.0459976,1.94993
-0.0459864,1.93983
-0.0459743,1.95539
-0.0459615,1.97614
-0.0459486,2.01245
-0.0459365,2.02686
-0.0459249,2.06028
-0.0459136,2.04357
-0.045903,1.98457
-0.045894,1.92312
-0.0458844,1.89394
-0.0458752,1.85685
-0.0458645,1.85051
-0.0458543,1.84014
-0.0458444,1.82184
-0.0458344,1.8361
-0.0458248,1.80902
-0.0458146,1.80498
-0.0458049,1.81096
-0.0457956,1.81939
-0.045787,1.82961
-0.0457781,1.82054
-0.0457697,1.81535
-0.0457611,1.82169
-0.0457521,1.82724
-0.045743,1.8186
-0.0457334,1.82054
-0.0457238,1.81729
-0.0457134,1.8142
-0.0457036,1.84972
-0.0456929,1.85894
-0.0456816,1.87565
-0.0456691,1.88797
-0.0456578,1.89964
-0.0456473,1.88912
-0.0456373,1.85411
-0.0456275,1.82378
-0.0456175,1.8034
-0.0456073,1.77905
-0.0455969,1.77905
-0.0455864,1.7619
-0.0455769,1.73106
-0.0455678,1.69087
-0.0455599,1.64629
-0.0455512,1.61307
-0.0455431,1.58195
-0.0455347,1.5656
-0.0455258,1.57403
-0.045516,1.57158
-0.0455065,1.56639
-0.0454973,1.55213
-0.0454882,1.56639
-0.0454784,1.58714
-0.0454695,1.62344
-0.0454597,1.65587
-0.0454508,1.69087
-0.0454419,1.70643
-0.0454323,1.72639
-0.0454225,1.74404
-0.0454124,1.75196
-0.0454019,1.77544
-0.0453916,1.77905
-0.0453821,1.78669
-0.0453725,1.76479
-0.0453632,1.74872
-0.0453543,1.72393
-0.0453447,1.69851
-0.0453343,1.70643
-0.0453242,1.7539
-0.045314,1.76349
-0.0453039,1.77905
-0.045293,1.78554
-0.045283,1.79021
-0.0452729,1.81096
-0.0452628,1.82833
-0.0452529,1.82054
-0.0452434,1.82573
-0.0452338,1.79734
-0.0452245,1.77984
-0.0452163,1.77228
-0.045207,1.77386
-0.0451977,1.76737
-0.0451879,1.77544
-0.0451783,1.78423
-0.0451685,1.80498
-0.0451587,1.79979
-0.0451486,1.81535
-0.0451392,1.82573
-0.0451306,1.84417
-0.0451228,1.87356
-0.0451153,1.87759
-0.0451081,1.88797
-0.0451014,1.90353
-0.0450933,1.90871
-0.0450844,1.88199
-0.0450759,1.87241
-0.0450668,1.86722
-0.0450569,1.84647
-0.0450462,1.8361
-0.0450358,1.82573
-0.0450256,1.81017
-0.0450155,1.83725
-0.0450052,1.84568
-0.0449957,1.85296
-0.0449859,1.87126
-0.044976,1.87644
-0.0449657,1.88278
-0.0449547,1.88278
-0.0449434,1.89236
-0.044932,1.90871
-0.044921,1.91635
-0.0449113,1.90677
-0.0449014,1.87241
-0.0448921,1.84244
-0.0448829,1.81975
-0.0448731,1.81614
-0.0448633,1.81614
-0.0448532,1.80498
-0.0448451,1.79461
-0.0448361,1.79461
-0.0448265,1.80822
-0.0448163,1.8186
-0.0448062,1.84374
-0.044795,1.89676
-0.044785,1.93753
-0.0447752,1.98767
-0.0447655,2.0324
-0.0447555,2.07821
-0.0447463,2.111
-0.044736,2.13305
-0.0447264,2.15249
-0.0447175,2.16171
-0.044709,2.15716
-0.0446999,2.17454
-0.0446908,2.18167
-0.0446811,2.2238
-0.0446718,2.25025
-0.0446618,2.28331
-0.044652,2.31537
-0.0446422,2.37112
-0.0446319,2.43257
-0.044622,2.48559
-0.0446115,2.51556
-0.044601,2.55705
-0.0445911,2.60373
-0.0445806,2.63485
-0.044571,2.66958
-0.0445605,2.68672
-0.0445502,2.68074
-0.0445385,2.71784
-0.0445246,2.76064
-0.0445124,2.8112
-0.0445007,2.86307
-0.0444911,2.85983
-0.044481,2.84102
-0.0444707,2.83195
-0.0444606,2.82158
-0.0444516,2.79564
-0.044442,2.75285
-0.0444322,2.73729
-0.0444223,2.74896
-0.0444113,2.73859
-0.0443993,2.74608
-0.0443879,2.76452
-0.0443773,2.75415
-0.0443667,2.71784
-0.0443559,2.69825
-0.0443451,2.67477
-0.0443341,2.62448
-0.0443245,2.60892
-0.0443146,2.58299
-0.0443046,2.57859
-0.0442947,2.57701
-0.0442852,2.56743
-0.0442758,2.5799
-0.0442664,2.57261
-0.0442572,2.58544
-0.0442473,2.57067
-0.0442369,2.57067
-0.0442261,2.58493
-0.044215,2.61605
-0.0442042,2.62888
-0.0441941,2.65041
-0.0441838,2.6556
-0.0441732,2.69515
-0.0441631,2.6971
-0.0441528,2.72303
-0.0441422,2.76452
-0.0441325,2.78816
-0.0441238,2.78887
-0.0441142,2.76452
-0.0441045,2.76777
-0.0440942,2.75934
-0.0440852,2.76064
-0.0440768,2.75934
-0.0440685,2.7661
-0.0440603,2.77411
-0.0440513,2.79046
-0.0440414,2.83599
-0.044029,2.93129
-0.0440175,3.00311
-0.0440082,3.04381
-0.0440008,3.07054
-0.0439919,3.08012
-0.0439826,3.09647
-0.0439732,3.07184
-0.0439636,3.07054
-0.0439544,3.06147
-0.0439451,3.03863
-0.0439364,3.00311
-0.0439276,2.95853
-0.0439188,2.94815
-0.0439101,2.92416
-0.0439009,2.89744
-0.0438905,2.91336
-0.0438801,2.95124
-0.0438689,2.95774
-0.0438579,2.99028
-0.0438471,3.04302
-0.0438374,3.00311
-0.0438278,2.97797
-0.0438189,2.94008
-0.0438103,2.86826
-0.0438013,2.86422
-0.0437917,2.84232
-0.0437824,2.82079
-0.0437725,2.81754
-0.0437629,2.80213
-0.0437524,2.80911
-0.0437418,2.80602
-0.0437312,2.79564
-0.043721,2.79046
-0.0437107,2.77129
-0.0437007,2.77165
-0.0436902,2.79449
-0.0436801,2.79046
-0.0436707,2.79046
-0.0436615,2.78008
-0.0436521,2.79319
-0.0436432,2.8112
-0.0436333,2.8287
-0.0436235,2.84636
-0.0436136,2.85788
-0.0436046,2.889
-0.0435948,2.9261
-0.043584,2.95774
-0.0435738,2.99713
-0.0435645,3.02025
-0.0435557,3.05628
-0.0435464,3.06405
-0.0435372,3.06535
-0.0435279,3.07327
-0.0435186,3.10087
-0.0435098,3.12565
-0.0434999,3.15353
-0.0434897,3.1871
-0.043479,3.24689
-0.0434683,3.26922
-0.0434571,3.29487
-0.0434464,3.33752
-0.0434369,3.361
-0.0434283,3.36618
-0.0434187,3.38693
-0.0434085,3.3973
-0.043399,3.41286
-0.04339,3.4192
-0.0433807,3.40573
-0.0433717,3.42324
-0.0433627,3.4213
-0.0433527,3.40249
-0.0433432,3.40768
-0.043333,3.42597
-0.0433234,3.43959
-0.043314,3.4388
-0.0433041,3.43801
-0.0432939,3.45242
-0.0432828,3.48223
-0.0432713,3.67026
-0.04326,3.65534
-0.0432489,3.60786
-0.0432383,3.58014
-0.0432283,3.52618
-0.0432184,3.52178
-0.0432087,3.51256
-0.0431981,3.50622
-0.0431877,3.50045
-0.0431776,3.46877
-0.0431673,3.45709
-0.0431566,3.46358
-0.0431463,3.4388
-0.0431361,3.4169
-0.0431258,3.44153
-0.0431149,3.43131
-0.043104,3.42842
-0.0430921,3.43361
-0.0430801,3.44204
-0.0430682,3.44917
-0.0430565,3.45709
-0.0430449,3.46913
-0.0430335,3.46992
-0.0430218,3.43591
-0.0430108,3.37656
-0.0430004,3.34104
-0.0429894,3.33506
-0.0429783,3.32908
-0.0429673,3.33506
-0.0429565,3.33067
-0.0429464,3.30798
-0.042936,3.2832
-0.0429264,3.25207
-0.0429167,3.2438
-0.0429083,3.22966
-0.0428995,3.21058
-0.0428901,3.20136
-0.042881,3.21058
-0.042872,3.21216
-0.0428626,3.20539
-0.0428531,3.19293
-0.0428434,3.18429
-0.0428325,3.20409
-0.0428224,3.21692
-0.0428108,3.22614
-0.0427997,3.26973
-0.0427879,3.29472
-0.0427762,3.302
-0.0427645,3.32275
-0.0427534,3.35581
-0.0427417,3.35451
-0.0427306,3.33664
-0.0427199,3.3195
-0.0427099,3.29796
-0.0427006,3.25049
-0.0426909,3.21707
-0.0426813,3.18595
-0.0426713,3.17427
-0.0426606,3.15353
-0.042651,3.15028
-0.0426413,3.12205
-0.042632,3.11203
-0.042622,3.09323
-0.0426121,3.0861
-0.0426025,3.08531
-0.0425928,3.07054
-0.0425818,3.07054
-0.0425709,3.08883
-0.0425604,3.09129
-0.0425492,3.07327
-0.0425383,3.0302
-0.0425271,2.96162
-0.0425152,2.89938
-0.0425038,2.81718
-0.0424919,2.69191
-0.0424805,2.56858
-0.042469,2.40664
-0.0424579,2.25298
-0.0424467,2.09983
-0.0424364,1.92622
-0.0424253,1.73042
-0.0424141,1.84857
-0.0424037,2.69421
-0.0423934,2.27099
-0.0423834,1.8405
-0.0423729,1.46266
-0.0423631,1.19734
-0.0423539,0.987419
-0.0423449,0.808338
-0.0423358,0.673483
-0.0423246,0.563411
-0.0423143,0.491588
-0.0423038,0.42337
-0.0422922,0.383817
-0.0422817,0.352697
-0.0422719,0.324309
-0.0422626,0.304866
-0.0422526,0.290456
-0.0422436,0.287211
-0.0422354,0.271651
-0.0422272,0.26971
-0.0422195,0.267768
-0.0422122,0.259336
-0.0422036,0.259336
-0.0421946,0.259336
-0.0421851,0.254149
-0.0421755,0.248963
-0.0421666,0.259336
-0.0421578,0.252999
-0.0421485,0.254149
-0.0421389,0.254149
-0.0421287,0.250113
-0.0421181,0.243776
-0.0421079,0.248963
-0.0420985,0.247659
-0.0420898,0.248172
-0.042082,0.244927
-0.0420723,0.244927
-0.0420632,0.247812
-0.0420538,0.248963
-0.0420445,0.248963
-0.0420345,0.243776
-0.0420241,0.252208
-0.0420138,0.250113
-0.0420038,0.249753
-0.0419935,0.243776
-0.0419835,0.245717
-0.0419742,0.248963
-0.0419647,0.244567
-0.0419563,0.253359
-0.0419475,0.252208
-0.0419375,0.249753
-0.0419277,0.254149
-0.0419177,0.254149
-0.041907,0.248963
-0.0418963,0.243776
-0.0418853,0.243776
-0.0418746,0.248963
-0.0418644,0.24508
-0.0418542,0.252999
-0.0418437,0.248963
-0.0418349,0.244567
-0.0418254,0.253359
-0.0418156,0.244567
-0.0418062,0.247021
-0.0417967,0.242625
-0.0417878,0.248172
-0.0417787,0.248172
-0.0417665,0.247021
-0.0417545,0.250266
-0.041743,0.250113
-0.0417318,0.249753
-0.0417206,0.247659
-0.0417093,0.243776
-0.0416985,0.242985
-0.0416883,0.240171
-0.0416776,0.250626
-0.0416671,0.246508
-0.0416571,0.248963
-0.0416468,0.248963
-0.0416361,0.248963
-0.0416254,0.254149
-0.0416156,0.248172
-0.0416063,0.246868
-0.0415958,0.247659
-0.0415858,0.24623
-0.0415753,0.247812
-0.0415653,0.248963
-0.0415546,0.248963
-0.0415444,0.248963
-0.0415343,0.248963
-0.0415236,0.245358
-0.0415135,0.247021
-0.0415032,0.249753
-0.0414922,0.245717
-0.0414815,0.243776
-0.0414708,0.243776
-0.0414605,0.245717
-0.0414491,0.241834
-0.0414391,0.24508
-0.0414281,0.248963
-0.0414165,0.246508
-0.0414045,0.244567
-0.0413929,0.247381
-0.0413822,0.247812
-0.0413708,0.247812
-0.0413603,0.243776
-0.0413493,0.243776
-0.0413386,0.248172
-0.0413283,0.247021
-0.0413171,0.245717
-0.0413067,0.243776
-0.041296,0.243776
-0.0412853,0.247659
-0.0412746,0.251695
-0.0412645,0.245717
-0.0412545,0.250266
-0.0412437,0.243776
-0.0412325,0.243776
-0.041221,0.246508
-0.04121,0.248963
-0.041199,0.247659
-0.041188,0.248963
-0.0411773,0.246508
-0.0411665,0.245717
-0.0411557,0.248963
-0.0411464,0.248963
-0.0411372,0.248963
-0.0411278,0.244567
-0.0411187,0.248963
-0.0411094,0.248963
-0.0410996,0.241044
-0.0410899,0.243776
-0.0410795,0.248963
-0.04107,0.248963
-0.0410611,0.252208
-0.041053,0.248963
-0.0410449,0.251695
-0.0410385,0.248172
-0.0410308,0.248963
-0.0410227,0.24508
-0.0410139,0.248172
-0.0410048,0.244927
-0.0409963,0.242472
-0.0409873,0.243776
-0.0409776,0.243776
-0.0409676,0.243776
-0.0409578,0.241834
-0.0409484,0.248963
-0.0409386,0.244927
-0.0409285,0.248963
-0.0409187,0.250113
-0.0409086,0.243776
-0.0408986,0.248963
-0.0408888,0.250904
-0.040879,0.2553
-0.0408692,0.248963
-0.0408603,0.248172
-0.0408501,0.248963
-0.0408398,0.254149
-0.04083,0.254149
-0.0408198,0.254149
-0.0408106,0.254149
-0.0408008,0.247021
-0.0407902,0.247021
-0.0407796,0.252208
-0.0407695,0.248963
-0.0407587,0.250113
-0.0407484,0.246508
-0.040738,0.24623
-0.040727,0.244927
-0.0407162,0.243776
-0.0407052,0.24845
-0.0406942,0.248172
-0.040683,0.24508
-0.0406726,0.244567
-0.0406628,0.248963
-0.0406537,0.244567
-0.0406444,0.23974
-0.0406345,0.248963
-0.040625,0.243776
-0.0406147,0.239893
-0.0406049,0.249753
-0.0405955,0.248172
-0.0405853,0.250266
-0.0405758,0.251417
-0.0405667,0.250266
-0.0405569,0.241834
-0.040548,0.242625
-0.0405386,0.245871
-0.040529,0.247812
-0.0405205,0.248963
-0.0405116,0.248963
-0.0405015,0.257241
-0.0404895,0.248963
-0.0404778,0.250266
-0.0404662,0.254149
-0.0404548,0.252208
-0.0404435,0.251417
-0.0404318,0.254149
-0.0404203,0.252055
-0.0404086,0.250266
-0.0403978,0.248172
-0.0403876,0.244567
-0.0403764,0.248963
-0.0403653,0.245717
-0.040354,0.244927
-0.0403426,0.245717
-0.0403306,0.23938
-0.0403193,0.245871
-0.0403057,0.245717
-0.0402911,0.248172
-0.0402781,0.248963
-0.0402669,0.252999
-0.0402561,0.247812
-0.0402463,0.243776
-0.0402362,0.243776
-0.040226,0.246508
-0.0402159,0.24508
-0.0402053,0.248963
-0.0401954,0.248963
-0.0401861,0.257754
-0.0401766,0.252999
-0.0401667,0.245717
-0.0401565,0.248963
-0.0401458,0.248963
-0.0401352,0.249753
-0.0401256,0.248963
-0.0401163,0.248963
-0.0401073,0.252208
-0.040098,0.251695
-0.0400895,0.254149
-0.0400808,0.243776
-0.0400716,0.254149
-0.0400629,0.254149
-0.040054,0.256882
-0.0400443,0.254149
-0.0400345,0.254149
-0.0400249,0.254149
-0.0400157,0.254149
-0.0400068,0.248963
-0.0399972,0.253359
-0.0399877,0.248963
-0.0399782,0.248172
